{"cameraMode":{"drawMode":0,"name":"Shaded","section":"Shading Mode"},"sceneLighting":false,"audioPlay":false,"sceneViewState":{"showFog":true,"showMaterialUpdate":true,"showSkybox":true,"showFlares":true,"showImageEffects":true,"showParticleSystems":true,"showVisualEffectGraphs":true,"m_FxEnabled":false},"in2DMode":false,"pivot":{"x":3.2724246978759767,"y":-109.47618103027344,"z":-2.625701904296875},"rotation":{"x":0.6807907223701477,"y":-0.0032937414944171907,"z":0.003064138116315007,"w":0.7325236797332764},"size":111.41329956054688,"orthographic":false}