{"cameraMode":{"drawMode":0,"name":"Shaded","section":"Shading Mode"},"sceneLighting":false,"audioPlay":false,"sceneViewState":{"showFog":true,"showMaterialUpdate":true,"showSkybox":false,"showFlares":true,"showImageEffects":true,"showParticleSystems":true,"showVisualEffectGraphs":true,"m_FxEnabled":false},"in2DMode":false,"pivot":{"x":-0.7557559609413147,"y":8.262350082397461,"z":0.4560222625732422},"rotation":{"x":-0.24670547246932984,"y":0.015114672482013703,"z":-0.003849209286272526,"w":-0.9689663052558899},"size":8.457414627075196,"orthographic":false}